Sorteo	Fecha	N1	N2	N3	N4	N5	N6	N7	N8	N9	N10	N11	N12	N13	N14
3284	25-09-2026	2	3	4	5	6	7	8	9	10	11	18	19	20	23
3283	23-09-2026	1	2	3	4	7	8	12	13	16	17	19	21	23	25
3282	20-09-2026	1	2	3	4	7	9	11	13	15	16	17	19	21	22
3281	18-09-2026	5	6	8	9	10	12	13	14	18	20	21	23	24	25
3280	16-09-2026	1	2	5	6	9	10	11	13	14	18	20	22	24	25
3279	13-09-2026	1	4	5	8	9	11	12	14	15	21	22	23	24	25
3278	11-09-2026	2	4	5	6	8	9	10	12	14	15	20	21	22	23
3277	09-09-2026	1	3	4	6	7	11	13	14	15	16	19	22	24	25
3276	06-09-2026	1	3	4	6	8	9	10	11	12	17	18	20	22	25
3275	04-09-2026	2	3	7	8	9	11	16	17	19	20	21	22	23	25
3274	02-09-2026	2	4	5	6	7	8	12	13	16	17	18	20	21	23
3273	30-08-2026	2	3	4	6	8	9	11	13	14	17	19	22	23	24
3272	28-08-2026	1	2	3	4	5	8	10	13	16	17	20	21	24	25
3271	26-08-2026	4	6	11	13	15	16	17	18	20	21	22	23	24	25
3270	23-08-2026	1	6	7	8	9	10	11	16	19	20	21	23	24	25
3269	21-08-2026	2	3	6	7	8	10	11	12	14	17	20	21	22	24
3268	19-08-2026	2	3	6	8	11	13	14	15	16	18	19	20	23	24
3267	16-08-2026	1	6	7	8	9	12	14	16	17	18	19	20	24	25
3266	14-08-2026	3	4	6	7	8	9	10	11	14	17	18	19	22	23
3265	12-08-2026	1	2	4	6	7	8	10	13	16	17	19	22	23	24
3264	09-08-2026	3	6	9	10	12	13	15	16	17	18	21	22	23	25
3263	07-08-2026	1	8	10	12	13	14	15	16	17	18	20	22	23	25
3262	05-08-2026	3	4	6	7	10	11	12	13	17	18	19	20	24	25
3261	02-08-2026	1	2	3	6	7	10	11	12	13	14	16	18	22	24
3260	31-07-2026	1	2	3	4	6	9	10	12	13	14	17	20	24	25
3259	29-07-2026	1	3	5	7	9	10	12	13	14	18	20	22	23	24
3258	26-07-2026	2	3	7	8	9	10	11	13	15	16	18	19	20	23
3257	24-07-2026	3	9	10	11	12	13	14	15	17	18	19	22	23	24
3256	22-07-2026	2	4	6	8	9	12	13	14	15	16	20	22	23	25
3255	19-07-2026	1	5	7	8	11	12	13	14	16	17	19	22	23	25
3254	17-07-2026	2	3	6	7	9	13	14	15	16	17	18	20	21	24
3253	15-07-2026	2	5	6	9	10	11	12	13	15	17	18	19	20	22
3252	12-07-2026	1	3	5	8	9	11	13	15	16	20	21	22	23	24
3251	10-07-2026	2	3	4	6	7	8	9	10	18	19	20	21	24	25
3250	08-07-2026	1	2	4	5	8	12	13	15	17	19	20	21	24	25
3249	05-07-2026	2	5	8	10	11	12	14	17	19	20	21	23	24	25
3248	03-07-2026	3	6	7	8	9	11	15	16	17	18	20	22	23	25
3247	01-07-2026	1	3	4	6	7	8	9	10	13	14	20	22	23	25
3246	28-06-2026	1	3	4	6	7	9	16	17	18	20	21	22	23	24
3245	26-06-2026	1	3	5	6	7	8	9	10	15	17	20	21	22	25
3244	24-06-2026	3	5	6	7	9	11	14	15	16	17	20	23	24	25
3243	21-06-2026	1	2	6	8	10	11	12	14	16	17	18	23	24	25
3242	20-06-2026	1	3	5	7	8	10	14	15	18	19	20	21	22	23
3241	14-06-2026	3	5	6	7	9	11	14	15	16	20	21	22	23	24
3240	14-06-2026	1	2	3	4	9	11	12	13	16	17	18	20	24	25
3239	12-06-2026	2	3	4	8	9	10	12	13	17	18	19	20	22	24
3238	10-06-2026	1	2	5	6	13	14	16	18	19	20	22	23	24	25
3237	07-06-2026	1	3	5	6	7	8	10	12	13	15	16	20	23	25
3236	07-06-2026	2	4	5	7	8	10	12	14	15	17	18	22	23	24
3235	05-06-2026	1	2	3	4	6	7	8	12	13	14	17	19	20	25
3234	31-05-2026	1	2	3	6	7	8	9	10	13	15	16	19	22	25
3233	30-05-2026	2	4	6	8	9	10	11	15	17	18	20	23	24	25
3232	27-05-2026	1	5	6	7	9	10	12	13	14	16	17	18	21	24
3231	24-05-2026	1	2	3	4	7	9	10	12	14	15	16	19	20	24
3230	22-05-2026	1	2	4	5	6	7	8	11	14	16	21	22	24	25
3229	20-05-2026	1	3	5	6	7	9	10	11	13	17	20	23	24	25
3228	18-05-2026	1	2	3	6	11	13	15	16	17	19	20	21	23	25
3227	15-05-2026	1	8	9	11	12	14	16	18	19	20	21	23	24	25
3226	13-05-2026	4	5	6	10	11	13	15	16	17	18	21	22	24	25
3225	10-05-2026	5	6	7	8	9	10	11	12	13	14	18	21	23	25
3224	08-05-2026	3	4	7	8	10	11	12	14	15	16	21	23	24	25
3223	06-05-2026	1	4	5	6	8	10	11	12	14	15	18	22	23	25
3222	03-05-2026	1	3	5	6	8	9	10	11	16	17	18	20	21	25
3221	01-05-2026	3	4	8	10	12	13	14	15	16	17	21	23	24	25
3220	29-04-2026	1	2	8	10	11	12	15	16	18	19	21	23	24	25
3219	26-04-2026	1	3	4	5	6	11	13	14	15	16	19	20	21	22
3218	24-04-2026	2	3	5	8	10	11	12	13	16	17	18	20	21	22
3217	22-04-2026	1	3	6	7	8	11	14	15	16	17	18	20	23	24
3216	19-04-2026	1	3	4	6	7	8	10	13	14	15	17	19	22	24
3215	17-04-2026	3	4	5	6	7	9	10	13	14	16	17	22	23	24
3214	15-04-2026	2	3	4	6	7	9	12	13	14	15	16	17	21	24
3213	12-04-2026	2	4	5	6	9	12	13	14	15	16	17	18	21	25
3212	10-04-2026	1	2	4	5	7	8	10	14	16	17	18	19	24	25
3211	08-04-2026	3	4	6	8	12	13	14	15	17	18	19	22	23	24
3210	05-04-2026	2	4	5	6	9	10	11	12	13	19	20	22	23	25
3209	03-04-2026	3	4	5	7	9	11	12	15	17	21	22	23	24	25
3208	16-04-2026	1	2	6	8	10	13	14	16	18	19	20	22	24	25
3207	14-04-2026	3	4	5	7	9	11	12	15	17	20	21	22	23	25
3206	12-04-2026	1	2	6	8	10	13	14	16	18	19	21	23	24	25
3205	10-04-2026	3	4	5	7	9	11	12	15	17	20	21	22	24	25
3204	08-04-2026	1	2	6	8	10	12	13	14	16	18	19	22	23	24
3203	06-04-2026	3	4	5	7	9	10	11	15	17	20	21	23	24	25
3202	04-04-2026	1	2	6	7	8	12	13	14	16	18	19	21	22	25
3201	02-04-2026	1	2	4	6	9	10	12	14	17	18	19	20	22	25
3200	31-03-2026	2	4	5	6	9	12	13	14	16	17	18	20	22	23
3199	29-03-2026	1	3	4	7	8	10	11	15	17	19	21	23	24	25
3198	27-03-2026	2	5	6	9	11	12	13	14	16	18	20	22	24	25
3197	25-03-2026	1	4	6	7	8	10	12	14	15	17	18	21	23	25
3196	23-03-2026	2	3	4	5	9	11	13	16	17	19	20	22	23	24
3195	21-03-2026	1	3	6	7	8	10	12	14	15	18	20	21	24	25
3184	27-02-2026	4	5	6	8	12	13	14	15	16	17	18	21	23	24
3183	25-02-2026	2	4	5	6	8	10	11	12	16	17	18	19	24	25
3182	23-02-2026	1	2	3	4	8	10	13	16	17	18	19	20	21	22
3181	21-02-2026	1	3	6	7	8	9	10	11	14	15	19	20	23	25
3180	19-02-2026	1	2	4	6	7	8	9	10	11	12	15	20	21	24
3179	17-02-2026	2	3	4	6	8	14	15	17	18	19	20	22	23	24
3178	15-02-2026	1	2	3	4	5	10	12	14	15	18	19	20	21	23
3177	13-02-2026	2	3	4	5	6	11	14	15	16	18	19	20	23	24
3176	11-02-2026	1	5	6	7	11	12	14	15	16	17	18	19	21	23
3175	09-02-2026	1	5	6	7	8	10	13	14	16	18	19	21	22	23
3174	07-02-2026	2	3	5	7	9	12	15	16	17	18	19	21	24	25
3173	09-01-2026	1	4	6	7	8	9	10	11	12	18	20	22	24	25
3172	07-01-2026	1	2	4	5	9	14	15	16	18	19	22	23	24	25
3171	04-01-2026	1	3	4	5	6	7	10	11	12	15	17	20	21	23
3170	02-01-2026	1	2	5	6	7	9	10	13	17	18	19	21	24	25
3169	31-12-2025	4	5	7	8	9	12	14	15	16	18	20	21	24	25
3168	28-12-2025	1	2	4	7	8	9	10	14	16	17	20	21	24	25
3167	26-12-2025	1	2	3	8	11	12	13	14	16	17	18	21	22	25
3166	24-12-2025	2	3	4	8	9	11	13	15	19	20	21	22	23	25
3165	21-12-2025	1	2	3	5	7	10	11	14	16	17	18	19	21	23
3164	19-12-2025	1	2	3	5	8	9	10	13	15	16	18	20	23	24
3163	17-12-2025	1	3	6	7	8	10	11	14	18	20	21	23	24	25
3162	14-12-2025	2	3	5	6	7	12	14	16	20	21	22	23	24	25
3161	12-12-2025	1	2	4	6	7	8	12	13	15	17	18	22	23	25
3160	10-12-2025	1	2	4	8	10	13	14	15	16	18	21	23	24	25
3159	07-12-2025	3	5	8	9	11	12	13	14	16	17	21	22	24	25
3158	05-12-2025	3	4	7	8	9	10	11	12	15	17	18	19	21	24
3157	03-12-2025	3	4	6	8	10	12	14	16	17	18	19	20	22	23
3156	30-11-2025	1	3	4	5	6	7	8	9	11	17	18	19	21	25
3155	28-11-2025	3	7	8	9	10	11	12	13	18	19	20	21	22	24
3154	26-11-2025	1	3	4	5	6	7	8	10	14	16	19	20	21	23
3153	23-11-2025	1	2	3	5	7	9	11	14	16	18	19	21	22	25
3152	21-11-2025	1	4	5	6	8	9	10	12	13	18	21	23	24	25
3151	19-11-2025	1	2	3	4	7	8	11	13	15	16	19	20	23	24
3150	16-11-2025	1	2	4	6	8	10	12	13	15	17	19	21	22	23
3149	14-11-2025	2	3	5	6	7	8	10	12	17	19	20	22	23	25
3148	12-11-2025	1	2	3	4	5	7	8	10	15	16	19	22	23	25
3147	09-11-2025	1	3	5	7	10	12	14	15	17	18	20	21	22	25
3146	07-11-2025	3	4	5	6	7	9	11	13	14	17	18	20	23	25
3145	05-11-2025	1	7	8	9	12	13	15	16	17	19	21	22	23	25
